EntityType,MetricPath,MetricName,FolderName,RangeRollupType,Graph,Axis,LineColor,MetricSet
Application,Overall Application Performance|Average Response Time (ms),Average Response Time (ms),ART,AVERAGE,CallsAndResponse,SECONDARY,108000,TransactionApplication
Application,Overall Application Performance|Calls per Minute,Calls per Minute,CPM,SUM,CallsAndResponse,PRIMARY,0000FF,TransactionApplication
Application,Overall Application Performance|Errors per Minute,Errors per Minute,EPM,SUM,CallsAndResponse,PRIMARY,FF0000,TransactionApplication
Application,Overall Application Performance|Exceptions per Minute,Exceptions per Minute,EXCPM,SUM,CallsAndResponse,PRIMARY,FFA500,TransactionApplication
Application,Overall Application Performance|HTTP Error Codes per Minute,HTTP Error Codes per Minute,HTTPEPM,SUM,CallsAndResponse,PRIMARY,FFC0CB,TransactionApplication
Tier,Overall Application Performance|*|Average Response Time (ms),Average Response Time (ms),ART,AVERAGE,CallsAndResponse,SECONDARY,108000,TransactionTier
Tier,Overall Application Performance|*|Calls per Minute,Calls per Minute,CPM,SUM,CallsAndResponse,PRIMARY,0000FF,TransactionTier
Tier,Overall Application Performance|*|Errors per Minute,Errors per Minute,EPM,SUM,CallsAndResponse,PRIMARY,FF0000,TransactionTier
Tier,Overall Application Performance|*|Exceptions per Minute,Exceptions per Minute,EXCPM,SUM,CallsAndResponse,PRIMARY,FFA500,TransactionTier
Tier,Overall Application Performance|*|HTTP Error Codes per Minute,HTTP Error Codes per Minute,HTTPEPM,SUM,CallsAndResponse,PRIMARY,FFC0CB,TransactionTier
Tier,Overall Application Performance|*|External Calls|*|Average Response Time (ms),Average Response Time (ms),BACKART,AVERAGE,,SECONDARY,108000,BackendCallsPerTier
Tier,Overall Application Performance|*|External Calls|*|Calls per Minute,Calls per Minute,BACKCPM,SUM,,PRIMARY,0000FF,BackendCallsPerTier
Tier,Overall Application Performance|*|External Calls|*|Errors per Minute,Errors per Minute,BACKEPM,SUM,,PRIMARY,FF0000,BackendCallsPerTier
Tier,Overall Application Performance|*|External Calls|Call-JDBC to Discovered backend call - XE-Oracle DB-oracle-db-Oracle Database 11g Express Edition Release 11.2.0.2.0 - 64bit Production|Calls per Minute,Call-JDBC to Discovered backend call - XE-Oracle DB-oracle-db-Oracle Database 11g Express Edition Release 11.2.0.2.0 - 64bit Production|Calls per Minute,BACKCPMSPEC,SUM,SpecSQLCPM,PRIMARY,0000FF,BackendCallsSpecificCustom1
Tier,Application Infrastructure Performance|*|Agent|App|Availability,App|Availability,AVAILAGENT,SUM,AgentStatistics,PRIMARY,108000,AgentStats
Tier,Application Infrastructure Performance|*|Agent|Machine|Availability,Machine|Availability,AVAILMACHINE,SUM,AgentStatistics,PRIMARY,0000FF,AgentStats
Tier,Application Infrastructure Performance|*|Agent|Metric Upload|Metrics uploaded,Metrics uploaded,METRUPL,SUM,AgentStatistics,SECONDARY,FFA500,AgentStats
Tier,Application Infrastructure Performance|*|Hardware Resources|CPU|%Busy,CPU|%Busy,CPUBUSY,AVERAGE,OSCPUMemory,PRIMARY,108000,OSHardware
Tier,Application Infrastructure Performance|*|Hardware Resources|Memory|Used (MB),Memory|Used (MB),MEMUSEDMB,AVERAGE,OSCPUMemory,SECONDARY,0000FF,OSHardware
Tier,Application Infrastructure Performance|*|Hardware Resources|Disks|KB written/sec,Disks|KB written/sec,DISKKBWRITE,AVERAGE,OSDisk,PRIMARY,108000,OSHardware
Tier,Application Infrastructure Performance|*|Hardware Resources|Disks|KB read/sec,Disks|KB read/sec,DISKKBREAD,AVERAGE,OSDisk,PRIMARY,0000FF,OSHardware
Tier,Application Infrastructure Performance|*|Hardware Resources|Network|Incoming KB/sec,Network|Incoming KB/sec,NETKBIN,AVERAGE,OSNetwork,PRIMARY,108000,OSHardware
Tier,Application Infrastructure Performance|*|Hardware Resources|Network|Outgoing KB/sec,Network|Outgoing KB/sec,NETKBOUT,AVERAGE,OSNetwork,PRIMARY,0000FF,OSHardware
Tier,Application Infrastructure Performance|*|CLR|Process CPU Burnt (%),CLR|Process CPU Burnt (%),CLRCPU,AVERAGE,CLRProcess,SECONDARY,108000,CLRStats
Tier,Application Infrastructure Performance|*|CLR|Memory|Heap|Current Usage (bytes),Heap|Current Usage (bytes),CLRHEAPUSAGE,AVERAGE,CLRProcess,PRIMARY,0000FF,CLRStats
Tier,Application Infrastructure Performance|*|CLR|Memory|Heap|Gen 0 Usage (bytes),Heap|Gen 0 Usage (bytes),CLRHEAPGEN0USAGE,AVERAGE,CLRProcess,PRIMARY,9ADAC8,CLRStats
Tier,Application Infrastructure Performance|*|CLR|Memory|Heap|Gen 1 Usage (bytes),Heap|Gen 1 Usage (bytes),CLRHEAPGEN1USAGE,AVERAGE,CLRProcess,PRIMARY,3D3DFF,CLRStats
Tier,Application Infrastructure Performance|*|CLR|Memory|Heap|Gen 2 Usage (bytes),Heap|Gen 2 Usage (bytes),CLRHEAPGEN2USAGE,AVERAGE,CLRProcess,PRIMARY,DA85FF,CLRStats
Tier,Application Infrastructure Performance|*|CLR|Memory|Large Object Heap|Current Usage (bytes),Large Object Heap|Current Usage (bytes),CLRLOHEAPUSAGE,AVERAGE,CLRProcess,PRIMARY,FFB66B,CLRStats
Tier,Application Infrastructure Performance|*|CLR|Garbage Collection|GC Time Spent (%),GC Time Spent (%),CLRGCPCENT,AVERAGE,CLRGC,PRIMARY,108000,CLRStats
Tier,Application Infrastructure Performance|*|CLR|Garbage Collection|Number of Induced GCs,Number of Induced GCs,CLRGCINDUCED,SUM,CLRGC,SECONDARY,0000FF,CLRStats
Tier,Application Infrastructure Performance|*|IIS|CPU%,IIS|CPU%,IISCPU,AVERAGE,IIS,PRIMARY,108000,IISStats
Tier,Application Infrastructure Performance|*|IIS|Working Set,IIS|Working Set,IISWORKSET,AVERAGE,IIS,SECONDARY,0000FF,IISStats
Tier,Application Infrastructure Performance|*|ASP.NET Applications|Requests Failed,Requests Failed,IISREQFAIL,SUM,IISReqCount,PRIMARY,FF9500,IISReqCounts
Tier,Application Infrastructure Performance|*|ASP.NET Applications|Requests Not Found,Requests Not Found,IISREQNOTFOUND,SUM,IISReqCount,PRIMARY,DA85FF,IISReqCounts
Tier,Application Infrastructure Performance|*|ASP.NET Applications|Requests Timed Out,Requests Timed Out,IISREQTIMEOUT,SUM,IISReqCount,PRIMARY,21C8FD,IISReqCounts
Tier,Application Infrastructure Performance|*|ASP.NET Applications|Requests Total,Requests Total,IISREQTOTAL,SUM,IISReqCount,SECONDARY,108000,IISReqCounts
Tier,Application Infrastructure Performance|*|ASP.NET Applications|Requests Not Authorized,Requests Not Authorized,IISREQNOAUTH,SUM,IISReqCount,PRIMARY,D121FC,IISReqCounts
Tier,Application Infrastructure Performance|*|ASP.NET Applications|Errors Unhandled During Execution,Errors Unhandled During Execution,IISREQERR,SUM,IISReqCount,PRIMARY,FF0000,IISReqCounts
Tier,Application Infrastructure Performance|*|ASP.NET|Request Wait Time,Request Wait Time,IISREQWAIT,AVERAGE,IISReqPerf,SECONDARY,108000,IISReqPerf
Tier,Application Infrastructure Performance|*|ASP.NET Applications|Requests Executing,Requests Executing,IISREQEXECRATE,SUM,IISReqPerf,PRIMARY,0000FF,IISReqPerf
Tier,Application Infrastructure Performance|*|ASP.NET Applications|Requests/sec,ASP.NET Applications|Requests/sec,IISREQRATE,SUM,IISReqPerf,PRIMARY,9ADAC8,IISReqPerf
Tier,Application Infrastructure Performance|*|ASP.NET Applications|Anonymous Requests/sec,Anonymous Requests/sec,IISREQANONRATE,SUM,IISReqPerf,PRIMARY,A821FC,IISReqPerf
Tier,Application Infrastructure Performance|*|ASP.NET Applications|Errors Total/sec,Errors Total/sec,IISREQERRRATE,SUM,IISReqPerf,PRIMARY,FF0000,IISReqPerf
Tier,Application Infrastructure Performance|*|ASP.NET Applications|Pipeline Instance Count,Pipeline Instance Count,IISREQPIPELINE,SUM,IISReqPerf,PRIMARY,DA85FF,IISReqPerf
Tier,Application Infrastructure Performance|*|ASP.NET|Requests Queued,Requests Queued,IISREQQ,SUM,IISReqPerf,PRIMARY,FFB66B,IISReqPerf
Tier,Application Infrastructure Performance|*|JVM|Process CPU Usage %,JVM|Process CPU Usage %,JVMCPU,AVERAGE,JVMProcess,SECONDARY,108000,JVMStats
Tier,Application Infrastructure Performance|*|JVM|Memory|Heap|Current Usage (MB),Heap|Current Usage (MB),JVMHEAPUSAGE,AVERAGE,JVMProcess,PRIMARY,0000FF,JVMStats
Tier,Application Infrastructure Performance|*|JVM|Memory|Non-Heap|Current Usage (MB),Non-Heap|Current Usage (MB),JVMNONHEAPUSAGE,AVERAGE,JVMProcess,PRIMARY,DA85FF,JVMStats
Tier,Application Infrastructure Performance|*|JVM|Garbage Collection|GC Time Spent Per Min (ms),GC Time Spent Per Min (ms),JVMGCTIMETOTAL,AVERAGE,JVMGC,PRIMARY,108000,JVMStats
Tier,Application Infrastructure Performance|*|JVM|Garbage Collection|Major Collection Time Spent Per Min (ms),Major Collection Time Spent Per Min (ms),JVMGCTIMEMAJOR,AVERAGE,JVMGC,PRIMARY,0000FF,JVMStats
Tier,Application Infrastructure Performance|*|JVM|Garbage Collection|Minor Collection Time Spent Per Min (ms),Minor Collection Time Spent Per Min (ms),JVMGCTIMEMINOR,AVERAGE,JVMGC,PRIMARY,DA85FF,JVMStats
Tier,Application Infrastructure Performance|*|JVM|Garbage Collection|Memory Pools|Code Cache|Current Usage (MB),Code Cache|Current Usage (MB),JVMMEMPOOLCODE,AVERAGE,JVMGCGCMemPool,PRIMARY,21C8FD,JVMStats
Tier,Application Infrastructure Performance|*|JVM|Garbage Collection|Memory Pools|Compressed Class Space|Current Usage (MB),Compressed Class Space|Current Usage (MB),JVMMEMPOOLCLASS,AVERAGE,JVMGCGCMemPool,PRIMARY,21FD29,JVMStats
Tier,Application Infrastructure Performance|*|JVM|Garbage Collection|Memory Pools|Metaspace|Current Usage (MB),Metaspace|Current Usage (MB),JVMMEMPOOLMETA,AVERAGE,JVMGCGCMemPool,PRIMARY,C6FD21,JVMStats
Tier,Application Infrastructure Performance|*|JVM|Garbage Collection|Memory Pools|PS Eden Space|Current Usage (MB),PS Eden Space|Current Usage (MB),JVMMEMPOOLEDEN,AVERAGE,JVMGCGCMemPool,PRIMARY,FDB421,JVMStats
Tier,Application Infrastructure Performance|*|JVM|Garbage Collection|Memory Pools|PS Old Gen|Current Usage (MB),PS Old Gen|Current Usage (MB),JVMMEMPOOLOLDGEN,AVERAGE,JVMGCGCMemPool,PRIMARY,FD2185,JVMStats
Tier,Application Infrastructure Performance|*|JVM|Garbage Collection|Memory Pools|PS Perm Gen|Current Usage (MB),PS Perm Gen|Current Usage (MB),JVMMEMPOOLPERMGEN,AVERAGE,JVMGCGCMemPool,PRIMARY,C321FD,JVMStats
Tier,Application Infrastructure Performance|*|JVM|Garbage Collection|Memory Pools|PS Survivor Space|Current Usage (MB),PS Survivor Space|Current Usage (MB),JVMMEMPOOLSURVIVOR,AVERAGE,JVMGCGCMemPool,PRIMARY,3A21FD,JVMStats
Tier,Application Infrastructure Performance|*|JMX|Sessions|activeSessions,JMX|Sessions|activeSessions,JMXSESSACTIVE,AVERAGE,JMXSessions,PRIMARY,0000FF,JMXStatsCustom1
Tier,"Application Infrastructure Performance|*|JMX|JDBC Connection Pools|""jdbc/OracleECommerceDB""|Active Connections","JMX|JDBC Connection Pools|""jdbc/OracleECommerceDB""|Active Connections",JMXDBCONNPOOLCONNACT_OR,AVERAGE,JMXJDBCConnPool_ECOM,PRIMARY,0000FF,JMXStatsCustom1
Tier,"Application Infrastructure Performance|*|JMX|Web Container Runtime|""ajp-bio-8009""|Request Count","JMX|Web Container Runtime|""ajp-bio-8009""|Request Count",JMXWEBCNTRGRRREQCNT_ajp,AVERAGE,JMXTomcatReqCount_apjbio,PRIMARY,0000FF,JMXStatsCustom1
Tier,Application Infrastructure Performance|*|JMX|JDBC Connection Pools|*|Active Connections,Active Connections,JMXDBCONNPOOLCONNACT,AVERAGE,JMXJDBCConnPool,PRIMARY,0000FF,JMXDBConnStats
Tier,Application Infrastructure Performance|*|JMX|JDBC Connection Pools|*|Maximum Connections,Maximum Connections,JMXDBCONNPOOLCONNMAX,AVERAGE,JMXJDBCConnPool,PRIMARY,9ADAC8,JMXDBConnStats
Tier,Application Infrastructure Performance|*|JMX|Web Container Runtime|*|Request Count,Request Count,JMXWEBCNTRGRRREQUESTS,SUM,JMXWebContRequests,PRIMARY,0000FF,JMXWebContainerStats
Tier,Application Infrastructure Performance|*|JMX|Web Container Runtime|*|Error Count,Error Count,JMXWEBCNTRGRRERRORS,SUM,JMXWebContRequests,SECONDARY,FF0000,JMXWebContainerStats
Tier,Application Infrastructure Performance|*|JMX|Web Container Runtime|*|Current Threads In Pool,Current Threads In Pool,JMXWEBCNTRHTTPTPOOLTHRCURR,AVERAGE,JMXHTTPPool,PRIMARY,21C8FD,JMXWebContainerStats
Tier,Application Infrastructure Performance|*|JMX|Web Container Runtime|*|Busy Threads,Busy Threads,JMXWEBCNTRHTTPTPOOLTHRBUSY,AVERAGE,JMXHTTPPool,PRIMARY,21FD29,JMXWebContainerStats
Tier,Application Infrastructure Performance|*|JMX|Web Container Runtime|*|Maximum Threads,Maximum Threads,JMXWEBCNTRHTTPTPOOLTHRMAX,AVERAGE,JMXHTTPPool,PRIMARY,FF0000,JMXWebContainerStats
Tier,Application Infrastructure Performance|*|Custom Metrics|ECommerce Demo|Slow Query Calls|Call Count,Slow Query Calls|Call Count,SLOWQUERY,SUM,CustomSlowQuery,PRIMARY,0000FF,CustomMetricCustom1
Node,Overall Application Performance|*|Individual Nodes|*|Average Response Time (ms),Average Response Time (ms),ART,AVERAGE,CallsAndResponse,SECONDARY,108000,TransactionNode
Node,Overall Application Performance|*|Individual Nodes|*|Calls per Minute,Calls per Minute,CPM,SUM,CallsAndResponse,PRIMARY,0000FF,TransactionNode
Node,Overall Application Performance|*|Individual Nodes|*|Errors per Minute,Errors per Minute,EPM,SUM,CallsAndResponse,PRIMARY,FF0000,TransactionNode
Node,Overall Application Performance|*|Individual Nodes|*|Exceptions per Minute,Exceptions per Minute,EXCPM,SUM,CallsAndResponse,PRIMARY,FFA500,TransactionNode
Node,Overall Application Performance|*|Individual Nodes|*|HTTP Error Codes per Minute,HTTP Error Codes per Minute,HTTPEPM,SUM,CallsAndResponse,PRIMARY,FFC0CB,TransactionNode
Node,Overall Application Performance|*|Individual Nodes|*|External Calls|*|Average Response Time (ms),Average Response Time (ms),BACKART,AVERAGE,,SECONDARY,108000,BackendCallsPerNode
Node,Overall Application Performance|*|Individual Nodes|*|External Calls|*|Calls per Minute,Calls per Minute,BACKCPM,SUM,,PRIMARY,0000FF,BackendCallsPerNode
Node,Overall Application Performance|*|Individual Nodes|*|External Calls|*|Errors per Minute,Errors per Minute,BACKEPM,SUM,,PRIMARY,FF0000,BackendCallsPerNode
Node,Overall Application Performance|*|Individual Nodes|*|External Calls|Call-JDBC to Discovered backend call - XE-Oracle DB-oracle-db-Oracle Database 11g Express Edition Release 11.2.0.2.0 - 64bit Production|Calls per Minute,Call-JDBC to Discovered backend call - XE-Oracle DB-oracle-db-Oracle Database 11g Express Edition Release 11.2.0.2.0 - 64bit Production|Calls per Minute,BACKCPMSPEC,SUM,SpecSQLCPM,PRIMARY,0000FF,BackendCallsSpecificCustom1
Node,Application Infrastructure Performance|*|Individual Nodes|*|Agent|App|Availability,App|Availability,AVAILAGENT,SUM,AgentStatistics,PRIMARY,108000,AgentStats
Node,Application Infrastructure Performance|*|Individual Nodes|*|Agent|Machine|Availability,Machine|Availability,AVAILMACHINE,SUM,AgentStatistics,PRIMARY,0000FF,AgentStats
Node,Application Infrastructure Performance|*|Individual Nodes|*|Agent|Metric Upload|Metrics uploaded,Metrics uploaded,METRUPL,SUM,AgentStatistics,SECONDARY,FFA500,AgentStats
Node,Application Infrastructure Performance|*|Individual Nodes|*|Hardware Resources|CPU|%Busy,CPU|%Busy,CPUBUSY,AVERAGE,OSCPUMemory,PRIMARY,108000,OSHardware
Node,Application Infrastructure Performance|*|Individual Nodes|*|Hardware Resources|Memory|Used (MB),Memory|Used (MB),MEMUSEDMB,AVERAGE,OSCPUMemory,SECONDARY,0000FF,OSHardware
Node,Application Infrastructure Performance|*|Individual Nodes|*|Hardware Resources|Disks|KB written/sec,Disks|KB written/sec,DISKKBWRITE,AVERAGE,OSDisk,PRIMARY,108000,OSHardware
Node,Application Infrastructure Performance|*|Individual Nodes|*|Hardware Resources|Disks|KB read/sec,Disks|KB read/sec,DISKKBREAD,AVERAGE,OSDisk,PRIMARY,0000FF,OSHardware
Node,Application Infrastructure Performance|*|Individual Nodes|*|Hardware Resources|Network|Incoming KB/sec,Network|Incoming KB/sec,NETKBIN,AVERAGE,OSNetwork,PRIMARY,108000,OSHardware
Node,Application Infrastructure Performance|*|Individual Nodes|*|Hardware Resources|Network|Outgoing KB/sec,Network|Outgoing KB/sec,NETKBOUT,AVERAGE,OSNetwork,PRIMARY,0000FF,OSHardware
Node,Application Infrastructure Performance|*|Individual Nodes|*|CLR|Process CPU Burnt (%),CLR|Process CPU Burnt (%),CLRCPU,AVERAGE,CLRProcess,SECONDARY,108000,CLRStats
Node,Application Infrastructure Performance|*|Individual Nodes|*|CLR|Memory|Heap|Current Usage (bytes),Heap|Current Usage (bytes),CLRHEAPUSAGE,AVERAGE,CLRProcess,PRIMARY,0000FF,CLRStats
Node,Application Infrastructure Performance|*|Individual Nodes|*|CLR|Memory|Heap|Gen 0 Usage (bytes),Heap|Gen 0 Usage (bytes),CLRHEAPGEN0USAGE,AVERAGE,CLRProcess,PRIMARY,9ADAC8,CLRStats
Node,Application Infrastructure Performance|*|Individual Nodes|*|CLR|Memory|Heap|Gen 1 Usage (bytes),Heap|Gen 1 Usage (bytes),CLRHEAPGEN1USAGE,AVERAGE,CLRProcess,PRIMARY,3D3DFF,CLRStats
Node,Application Infrastructure Performance|*|Individual Nodes|*|CLR|Memory|Heap|Gen 2 Usage (bytes),Heap|Gen 2 Usage (bytes),CLRHEAPGEN2USAGE,AVERAGE,CLRProcess,PRIMARY,DA85FF,CLRStats
Node,Application Infrastructure Performance|*|Individual Nodes|*|CLR|Memory|Large Object Heap|Current Usage (bytes),Large Object Heap|Current Usage (bytes),CLRLOHEAPUSAGE,AVERAGE,CLRProcess,PRIMARY,FFB66B,CLRStats
Node,Application Infrastructure Performance|*|Individual Nodes|*|CLR|Garbage Collection|GC Time Spent (%),GC Time Spent (%),CLRGCPCENT,AVERAGE,CLRGC,PRIMARY,108000,CLRStats
Node,Application Infrastructure Performance|*|Individual Nodes|*|CLR|Garbage Collection|Number of Induced GCs,Number of Induced GCs,CLRGCINDUCED,SUM,CLRGC,SECONDARY,0000FF,CLRStats
Node,Application Infrastructure Performance|*|Individual Nodes|*|IIS|CPU%,IIS|CPU%,IISCPU,AVERAGE,IIS,PRIMARY,108000,IISStats
Node,Application Infrastructure Performance|*|Individual Nodes|*|IIS|Working Set,IIS|Working Set,IISWORKSET,AVERAGE,IIS,SECONDARY,0000FF,IISStats
Node,Application Infrastructure Performance|*|Individual Nodes|*|ASP.NET Applications|Requests Failed,Requests Failed,IISREQFAIL,SUM,IISReqCount,PRIMARY,FF9500,IISReqCounts
Node,Application Infrastructure Performance|*|Individual Nodes|*|ASP.NET Applications|Requests Not Found,Requests Not Found,IISREQNOTFOUND,SUM,IISReqCount,PRIMARY,DA85FF,IISReqCounts
Node,Application Infrastructure Performance|*|Individual Nodes|*|ASP.NET Applications|Requests Timed Out,Requests Timed Out,IISREQTIMEOUT,SUM,IISReqCount,PRIMARY,21C8FD,IISReqCounts
Node,Application Infrastructure Performance|*|Individual Nodes|*|ASP.NET Applications|Requests Total,Requests Total,IISREQTOTAL,SUM,IISReqCount,SECONDARY,108000,IISReqCounts
Node,Application Infrastructure Performance|*|Individual Nodes|*|ASP.NET Applications|Requests Not Authorized,Requests Not Authorized,IISREQNOAUTH,SUM,IISReqCount,PRIMARY,D121FC,IISReqCounts
Node,Application Infrastructure Performance|*|Individual Nodes|*|ASP.NET Applications|Errors Unhandled During Execution,Errors Unhandled During Execution,IISREQERR,SUM,IISReqCount,PRIMARY,FF0000,IISReqCounts
Node,Application Infrastructure Performance|*|Individual Nodes|*|ASP.NET|Request Wait Time,Request Wait Time,IISREQWAIT,AVERAGE,IISReqPerf,SECONDARY,108000,IISReqPerf
Node,Application Infrastructure Performance|*|Individual Nodes|*|ASP.NET Applications|Requests Executing,Requests Executing,IISREQEXECRATE,SUM,IISReqPerf,PRIMARY,0000FF,IISReqPerf
Node,Application Infrastructure Performance|*|Individual Nodes|*|ASP.NET Applications|Requests/sec,ASP.NET Applications|Requests/sec,IISREQRATE,SUM,IISReqPerf,PRIMARY,9ADAC8,IISReqPerf
Node,Application Infrastructure Performance|*|Individual Nodes|*|ASP.NET Applications|Anonymous Requests/sec,Anonymous Requests/sec,IISREQANONRATE,SUM,IISReqPerf,PRIMARY,A821FC,IISReqPerf
Node,Application Infrastructure Performance|*|Individual Nodes|*|ASP.NET Applications|Errors Total/sec,Errors Total/sec,IISREQERRRATE,SUM,IISReqPerf,PRIMARY,FF0000,IISReqPerf
Node,Application Infrastructure Performance|*|Individual Nodes|*|ASP.NET Applications|Pipeline Instance Count,Pipeline Instance Count,IISREQPIPELINE,SUM,IISReqPerf,PRIMARY,DA85FF,IISReqPerf
Node,Application Infrastructure Performance|*|Individual Nodes|*|ASP.NET|Requests Queued,Requests Queued,IISREQQ,SUM,IISReqPerf,PRIMARY,FFB66B,IISReqPerf
Node,Application Infrastructure Performance|*|Individual Nodes|*|JVM|Process CPU Usage %,JVM|Process CPU Usage %,JVMCPU,AVERAGE,JVMProcess,SECONDARY,108000,JVMStats
Node,Application Infrastructure Performance|*|Individual Nodes|*|JVM|Memory|Heap|Current Usage (MB),Heap|Current Usage (MB),JVMHEAPUSAGE,AVERAGE,JVMProcess,PRIMARY,0000FF,JVMStats
Node,Application Infrastructure Performance|*|Individual Nodes|*|JVM|Memory|Non-Heap|Current Usage (MB),Non-Heap|Current Usage (MB),JVMNONHEAPUSAGE,AVERAGE,JVMProcess,PRIMARY,DA85FF,JVMStats
Node,Application Infrastructure Performance|*|Individual Nodes|*|JVM|Garbage Collection|GC Time Spent Per Min (ms),GC Time Spent Per Min (ms),JVMGCTIMETOTAL,AVERAGE,JVMGC,PRIMARY,108000,JVMStats
Node,Application Infrastructure Performance|*|Individual Nodes|*|JVM|Garbage Collection|Major Collection Time Spent Per Min (ms),Major Collection Time Spent Per Min (ms),JVMGCTIMEMAJOR,AVERAGE,JVMGC,PRIMARY,0000FF,JVMStats
Node,Application Infrastructure Performance|*|Individual Nodes|*|JVM|Garbage Collection|Minor Collection Time Spent Per Min (ms),Minor Collection Time Spent Per Min (ms),JVMGCTIMEMINOR,AVERAGE,JVMGC,PRIMARY,DA85FF,JVMStats
Node,Application Infrastructure Performance|*|Individual Nodes|*|JVM|Garbage Collection|Memory Pools|Code Cache|Current Usage (MB),Code Cache|Current Usage (MB),JVMMEMPOOLCODE,AVERAGE,JVMGCGCMemPool,PRIMARY,21C8FD,JVMStats
Node,Application Infrastructure Performance|*|Individual Nodes|*|JVM|Garbage Collection|Memory Pools|Compressed Class Space|Current Usage (MB),Compressed Class Space|Current Usage (MB),JVMMEMPOOLCLASS,AVERAGE,JVMGCGCMemPool,PRIMARY,21FD29,JVMStats
Node,Application Infrastructure Performance|*|Individual Nodes|*|JVM|Garbage Collection|Memory Pools|Metaspace|Current Usage (MB),Metaspace|Current Usage (MB),JVMMEMPOOLMETA,AVERAGE,JVMGCGCMemPool,PRIMARY,C6FD21,JVMStats
Node,Application Infrastructure Performance|*|Individual Nodes|*|JVM|Garbage Collection|Memory Pools|PS Eden Space|Current Usage (MB),PS Eden Space|Current Usage (MB),JVMMEMPOOLEDEN,AVERAGE,JVMGCGCMemPool,PRIMARY,FDB421,JVMStats
Node,Application Infrastructure Performance|*|Individual Nodes|*|JVM|Garbage Collection|Memory Pools|PS Old Gen|Current Usage (MB),PS Old Gen|Current Usage (MB),JVMMEMPOOLOLDGEN,AVERAGE,JVMGCGCMemPool,PRIMARY,FD2185,JVMStats
Node,Application Infrastructure Performance|*|Individual Nodes|*|JVM|Garbage Collection|Memory Pools|PS Perm Gen|Current Usage (MB),PS Perm Gen|Current Usage (MB),JVMMEMPOOLPERMGEN,AVERAGE,JVMGCGCMemPool,PRIMARY,C321FD,JVMStats
Node,Application Infrastructure Performance|*|Individual Nodes|*|JVM|Garbage Collection|Memory Pools|PS Survivor Space|Current Usage (MB),PS Survivor Space|Current Usage (MB),JVMMEMPOOLSURVIVOR,AVERAGE,JVMGCGCMemPool,PRIMARY,3A21FD,JVMStats
Node,Application Infrastructure Performance|*|Individual Nodes|*|JMX|Sessions|activeSessions,JMX|Sessions|activeSessions,JMXSESSACTIVE,AVERAGE,JMXSessions,PRIMARY,0000FF,JMXStats
Node,"Application Infrastructure Performance|*|Individual Nodes|*|JMX|JDBC Connection Pools|""jdbc/OracleECommerceDB""|Active Connections","JMX|JDBC Connection Pools|""jdbc/OracleECommerceDB""|Active Connections",JMXDBCONNPOOLCONNACT_OR,AVERAGE,JMXJDBCConnPool_ECOM,PRIMARY,0000FF,JMXStatsCustom1
Node,"Application Infrastructure Performance|*|Individual Nodes|*|JMX|Web Container Runtime|""ajp-bio-8009""|Request Count","JMX|Web Container Runtime|""ajp-bio-8009""|Request Count",JMXWEBCNTRGRRREQCNT_ajp,AVERAGE,JMXTomcatReqCount_apjbio,PRIMARY,0000FF,JMXStatsCustom1
Node,Application Infrastructure Performance|*|Individual Nodes|*|JMX|JDBC Connection Pools|*|Active Connections,Active Connections,JMXDBCONNPOOLCONNACT,AVERAGE,JMXJDBCConnPool,PRIMARY,0000FF,JMXDBConnStats
Node,Application Infrastructure Performance|*|Individual Nodes|*|JMX|JDBC Connection Pools|*|Maximum Connections,Maximum Connections,JMXDBCONNPOOLCONNMAX,AVERAGE,JMXJDBCConnPool,PRIMARY,9ADAC8,JMXDBConnStats
Node,Application Infrastructure Performance|*|Individual Nodes|*|JMX|Web Container Runtime|*|Request Count,Request Count,JMXWEBCNTRGRRREQUESTS,SUM,JMXWebContRequests,PRIMARY,0000FF,JMXWebContainerStats
Node,Application Infrastructure Performance|*|Individual Nodes|*|JMX|Web Container Runtime|*|Error Count,Error Count,JMXWEBCNTRGRRERRORS,SUM,JMXWebContRequests,SECONDARY,FF0000,JMXWebContainerStats
Node,Application Infrastructure Performance|*|Individual Nodes|*|JMX|Web Container Runtime|*|Current Threads In Pool,Current Threads In Pool,JMXWEBCNTRHTTPTPOOLTHRCURR,AVERAGE,JMXHTTPPool,PRIMARY,21C8FD,JMXWebContainerStats
Node,Application Infrastructure Performance|*|Individual Nodes|*|JMX|Web Container Runtime|*|Busy Threads,Busy Threads,JMXWEBCNTRHTTPTPOOLTHRBUSY,AVERAGE,JMXHTTPPool,PRIMARY,21FD29,JMXWebContainerStats
Node,Application Infrastructure Performance|*|Individual Nodes|*|JMX|Web Container Runtime|*|Maximum Threads,Maximum Threads,JMXWEBCNTRHTTPTPOOLTHRMAX,AVERAGE,JMXHTTPPool,PRIMARY,FF0000,JMXWebContainerStats
Backend,Backends|*|Average Response Time (ms),Average Response Time (ms),ART,AVERAGE,CallsAndResponse,SECONDARY,108000,TransactionBackend
Backend,Backends|*|Calls per Minute,Calls per Minute,CPM,SUM,CallsAndResponse,PRIMARY,0000FF,TransactionBackend
Backend,Backends|*|Errors per Minute,Errors per Minute,EPM,SUM,CallsAndResponse,PRIMARY,FF0000,TransactionBackend
Business Transaction,Business Transaction Performance|Business Transactions|*|*|Average Response Time (ms),Average Response Time (ms),ART,AVERAGE,CallsAndResponse,SECONDARY,108000,TransactionBT
Business Transaction,Business Transaction Performance|Business Transactions|*|*|Calls per Minute,Calls per Minute,CPM,SUM,CallsAndResponse,PRIMARY,0000FF,TransactionBT
Business Transaction,Business Transaction Performance|Business Transactions|*|*|Errors per Minute,Errors per Minute,EPM,SUM,CallsAndResponse,PRIMARY,FF0000,TransactionBT
Business Transaction,Business Transaction Performance|Business Transactions|*|*|95th Percentile Response Time (ms),95th Percentile Response Time (ms),95PCENT,AVERAGE,95Percent,PRIMARY,108000,BusinessTransactionPercentiles
Business Transaction,Business Transaction Performance|Business Transactions|*|*|Individual Nodes|*|Average Response Time (ms),Average Response Time (ms),NODEART,AVERAGE,,SECONDARY,108000,TransactionPerNode
Business Transaction,Business Transaction Performance|Business Transactions|*|*|Individual Nodes|*|Calls per Minute,Calls per Minute,NODECPM,SUM,,PRIMARY,0000FF,TransactionPerNode
Business Transaction,Business Transaction Performance|Business Transactions|*|*|Individual Nodes|*|Errors per Minute,Errors per Minute,NODEEPM,SUM,,PRIMARY,FF0000,TransactionPerNode
Business Transaction,Business Transaction Performance|Business Transactions|*|*|External Calls|*|Average Response Time (ms),Average Response Time (ms),BACKART,AVERAGE,,SECONDARY,108000,BackendCallsPerBT
Business Transaction,Business Transaction Performance|Business Transactions|*|*|External Calls|*|Calls per Minute,Calls per Minute,BACKCPM,SUM,,PRIMARY,0000FF,BackendCallsPerBT
Business Transaction,Business Transaction Performance|Business Transactions|*|*|External Calls|*|Errors per Minute,Errors per Minute,BACKEPM,SUM,,PRIMARY,FF0000,BackendCallsPerBT
Business Transaction,Business Transaction Performance|Business Transactions|*|*|External Calls|Call-JDBC to Discovered backend call - APPDY-MySQL-DB-5.7.13-0ubuntu0.16.04.2|Calls per Minute,Call-JDBC to Discovered backend call - APPDY-MySQL-DB-5.7.13-0ubuntu0.16.04.2|Calls per Minute,BACKCPMSPEC,SUM,SpecSQLCPM,PRIMARY,0000FF,BackendCallsSpecificCustom1
Business Transaction,Business Transaction Performance|Business Transactions|*|*|Individual Nodes|*|External Calls|*|Average Response Time (ms),Average Response Time (ms),NODEBACKART,AVERAGE,,SECONDARY,108000,BackendCallsPerBTPerNode
Business Transaction,Business Transaction Performance|Business Transactions|*|*|Individual Nodes|*|External Calls|*|Calls per Minute,Calls per Minute,NODEBACKCPM,SUM,,PRIMARY,0000FF,BackendCallsPerBTPerNode
Business Transaction,Business Transaction Performance|Business Transactions|*|*|Individual Nodes|*|External Calls|*|Errors per Minute,Errors per Minute,NODEBACKEPM,SUM,,PRIMARY,FF0000,BackendCallsPerBTPerNode
Business Transaction,Business Transaction Performance|Business Transactions|*|*|Individual Nodes|ECommerce_WEB1_NODE|External Calls|Call-JDBC to Discovered backend call - APPDY-MySQL-DB-5.7.13-0ubuntu0.16.04.2|Calls per Minute ,ECommerce_WEB1_NODE|External Calls|Call-JDBC to Discovered backend call - APPDY-MySQL-DB-5.7.13-0ubuntu0.16.04.2|Calls per Minute ,NODEBACKCPMSPEC,SUM,SpecSQLSpecNodeCPM,PRIMARY,0000FF,BackendCallsSpecificCustom1
Service Endpoint,Service Endpoints|*|*|Average Response Time (ms),Average Response Time (ms),ART,AVERAGE,CallsAndResponse,SECONDARY,108000,TransactionSEP
Service Endpoint,Service Endpoints|*|*|Calls per Minute,Calls per Minute,CPM,SUM,CallsAndResponse,PRIMARY,0000FF,TransactionSEP
Service Endpoint,Service Endpoints|*|*|Errors per Minute,Errors per Minute,EPM,SUM,CallsAndResponse,PRIMARY,FF0000,TransactionSEP
Service Endpoint,Service Endpoints|*|*|Individual Nodes|*|Average Response Time (ms),Average Response Time (ms),NODEART,AVERAGE,,SECONDARY,108000,TransactionPerNode
Service Endpoint,Service Endpoints|*|*|Individual Nodes|*|Calls per Minute,Calls per Minute,NODECPM,SUM,,PRIMARY,0000FF,TransactionPerNode
Service Endpoint,Service Endpoints|*|*|Individual Nodes|*|Errors per Minute,Errors per Minute,NODEEPM,SUM,,PRIMARY,FF0000,TransactionPerNode
Error,Errors|*|*|Errors per Minute,Errors per Minute,EPM,SUM,CallsAndResponse,PRIMARY,FF0000,TransactionError
Error,Errors|*|*|Individual Nodes|*|Errors per Minute,Errors per Minute,NODEEPM,SUM,,PRIMARY,FF0000,TransactionPerNode
Information Point,Information Points|*|Average Response Time (ms),Average Response Time (ms),ART,AVERAGE,CallsAndResponse,SECONDARY,108000,TransactionIP
Information Point,Information Points|*|Calls per Minute,Calls per Minute,CPM,SUM,CallsAndResponse,PRIMARY,0000FF,TransactionIP
Information Point,Information Points|*|Errors per Minute,Errors per Minute,EPM,SUM,CallsAndResponse,PRIMARY,FF0000,TransactionIP
Information Point,Information Points|*|cartTotal,cartTotal,CARTTOTAL,SUM,CartTotal,PRIMARY,0000FF,InformationPointCustom1
SavedSearch,Analytics|*,DOESNOTMATTER,BIQMETRALL,SUM,,,,BIQMetric
BizJourney,Analytics|Business Journeys|*|Calls per minute,Calls per minute,BIZJOURCPM,SUM,,,,BIQBizJourney
BizJourney,Analytics|Business Journeys|*|Average total time,Average total time,BIZJOURART,AVERAGE,,,,BIQBizJourney
BizJourney,Analytics|Business Journeys|*|*|Calls per minute,Calls per minute,BIZJOURSTEPCPM,SUM,,,,BIQBizJourney
BizJourney,Analytics|Business Journeys|*|*|Average time taken,Average time taken,BIZJOURSTEPART,AVERAGE,,,,BIQBizJourney
Database,KPI|Calls per Minute,KPI|Calls per Minute,DBCPM,SUM,,,,DBKPI
Database,KPI|DB Availability,KPI|DB Availability,DBAVAIL,SUM,,,,DBKPI
Database,KPI|Number of Connections,KPI|Number of Connections,DBNUMCONN,SUM,,,,DBKPI
Database,KPI|Time Spent in Executions (s),"KPI|Time Spent in Executions (s)	",DBEXECTIME,AVERAGE,,,,DBKPI
Database,Server Statistic|*,DOESNOTMATTER,DBSRVSTATSALL,SUM,,,,DBServerStats
Database,IO|*,DOESNOTMATTER,DBIOALL,SUM,,,,DBIO
Database,Engine Statistics|*|*,DOESNOTMATTER,DBENGSTAT,SUM,,,,DBEngineStats
WEBApplication,End User Experience|App|Requests per Minute,Requests per Minute,CPM,SUM,,,,WEBTransactionApplication
WEBApplication,End User Experience|App|Page Requests per Minute,Page Requests per Minute,CPMPAGE,SUM,,,,WEBTransactionApplication
WEBApplication,End User Experience|App|AJAX Requests per Minute,AJAX Requests per Minute,CPMAJAX,SUM,,,,WEBTransactionApplication
WEBApplication,End User Experience|App|Application Server Time (ms),Application Server Time (ms),APPSRVT,AVERAGE,,,,WEBTransactionApplication
WEBApplication,End User Experience|App|Browser Queue Time (ms),Browser Queue Time (ms),BROWSERQT,AVERAGE,,,,WEBTransactionApplication
WEBApplication,End User Experience|App|DOM Building Time (ms),DOM Building Time (ms),DOMBUILDT,AVERAGE,,,,WEBTransactionApplication
WEBApplication,End User Experience|App|DOM Ready Time (ms),DOM Ready Time (ms),DOMREADYT,AVERAGE,,,,WEBTransactionApplication
WEBApplication,End User Experience|App|Domain Lookup Time (ms),Domain Lookup Time (ms),DNSLOOKT,AVERAGE,,,,WEBTransactionApplication
WEBApplication,End User Experience|App|End User Response Time (ms),End User Response Time (ms),ART,AVERAGE,,,,WEBTransactionApplication
WEBApplication,End User Experience|App|First Byte Time (ms),First Byte Time (ms),FIRSTBYTET,AVERAGE,,,,WEBTransactionApplication
WEBApplication,End User Experience|App|Front End Time (ms),Front End Time (ms),FRONTT,AVERAGE,,,,WEBTransactionApplication
WEBApplication,End User Experience|App|HTML Download Time (ms),HTML Download Time (ms),HTMLDT,AVERAGE,,,,WEBTransactionApplication
WEBApplication,End User Experience|App|HTML Download and DOM Building Time (ms),HTML Download and DOM Building Time (ms),HTMLDDOMT,AVERAGE,,,,WEBTransactionApplication
WEBApplication,End User Experience|App|Resource Fetch Time (ms),Resource Fetch Time (ms),RESFETCHT,AVERAGE,,,,WEBTransactionApplication
WEBApplication,End User Experience|App|Response Available Time (ms),Response Available Time (ms),RESPAVAILT,AVERAGE,,,,WEBTransactionApplication
WEBApplication,End User Experience|App|Server Connection Time (ms),Server Connection Time (ms),SRVCONNT,AVERAGE,,,,WEBTransactionApplication
WEBApplication,End User Experience|App|TCP Connect Time (ms),TCP Connect Time (ms),TCPCONNT,AVERAGE,,,,WEBTransactionApplication
WEBPage,End User Experience|Base Pages|*|Requests per Minute,Requests per Minute,CPM,SUM,,,,WEBTransactionPage
WEBPage,End User Experience|Base Pages|*|Page Requests per Minute,Page Requests per Minute,CPMPAGE,SUM,,,,WEBTransactionPage
WEBPage,End User Experience|Base Pages|*|AJAX Requests per Minute,AJAX Requests per Minute,CPMAJAX,SUM,,,,WEBTransactionPage
WEBPage,End User Experience|Base Pages|*|Application Server Time (ms),Application Server Time (ms),APPSRVT,AVERAGE,,,,WEBTransactionPage
WEBPage,End User Experience|Base Pages|*|Browser Queue Time (ms),Browser Queue Time (ms),BROWSERQT,AVERAGE,,,,WEBTransactionPage
WEBPage,End User Experience|Base Pages|*|DOM Building Time (ms),DOM Building Time (ms),DOMBUILDT,AVERAGE,,,,WEBTransactionPage
WEBPage,End User Experience|Base Pages|*|DOM Ready Time (ms),DOM Ready Time (ms),DOMREADYT,AVERAGE,,,,WEBTransactionPage
WEBPage,End User Experience|Base Pages|*|Domain Lookup Time (ms),Domain Lookup Time (ms),DNSLOOKT,AVERAGE,,,,WEBTransactionPage
WEBPage,End User Experience|Base Pages|*|End User Response Time (ms),End User Response Time (ms),EURT,AVERAGE,,,,WEBTransactionPage
WEBPage,End User Experience|Base Pages|*|First Byte Time (ms),First Byte Time (ms),FIRSTBYTET,AVERAGE,,,,WEBTransactionPage
WEBPage,End User Experience|Base Pages|*|Front End Time (ms),Front End Time (ms),FRONTT,AVERAGE,,,,WEBTransactionPage
WEBPage,End User Experience|Base Pages|*|HTML Download Time (ms),HTML Download Time (ms),HTMLDT,AVERAGE,,,,WEBTransactionPage
WEBPage,End User Experience|Base Pages|*|HTML Download and DOM Building Time (ms),HTML Download and DOM Building Time (ms),HTMLDDOMT,AVERAGE,,,,WEBTransactionPage
WEBPage,End User Experience|Base Pages|*|Resource Fetch Time (ms),Resource Fetch Time (ms),RESFETCHT,AVERAGE,,,,WEBTransactionPage
WEBPage,End User Experience|Base Pages|*|Response Available Time (ms),Response Available Time (ms),RESPAVAILT,AVERAGE,,,,WEBTransactionPage
WEBPage,End User Experience|Base Pages|*|Server Connection Time (ms),Server Connection Time (ms),SRVCONNT,AVERAGE,,,,WEBTransactionPage
WEBPage,End User Experience|Base Pages|*|TCP Connect Time (ms),TCP Connect Time (ms),TCPCONNT,AVERAGE,,,,WEBTransactionPage
WEBAjax,End User Experience|AJAX Requests|*|Requests per Minute,Requests per Minute,CPM,SUM,,,,WEBTransactionAJAX
WEBAjax,End User Experience|AJAX Requests|*|Application Server Time (ms),Application Server Time (ms),APPSRVT,AVERAGE,,,,WEBTransactionAJAX
WEBAjax,End User Experience|AJAX Requests|*|End User Response Time (ms),End User Response Time (ms),EURT,AVERAGE,,,,WEBTransactionAJAX
WEBAjax,End User Experience|AJAX Requests|*|First Byte Time (ms),First Byte Time (ms),FIRSTBYTET,AVERAGE,,,,WEBTransactionAJAX
WEBAjax,End User Experience|AJAX Requests|*|AJAX Request Errors per Minute,AJAX Request Errors per Minute,EPM,SUM,,,,WEBTransactionAJAX
WEBVirtualPage,End User Experience|Virtual Pages|*|Requests per Minute,Requests per Minute,CPM,SUM,,,,WEBTransactionVirtualPage
WEBVirtualPage,End User Experience|Virtual Pages|*|End User Response Time (ms),End User Response Time (ms),EURT,AVERAGE,,,,WEBTransactionVirtualPage
WEBVirtualPage,End User Experience|Virtual Pages|*|Front End Time (ms),Front End Time (ms),FRONTT,AVERAGE,,,,WEBTransactionVirtualPage
WEBVirtualPage,End User Experience|Virtual Pages|*|HTML Download Time (ms),HTML Download Time (ms),HTMLDT,AVERAGE,,,,WEBTransactionVirtualPage
WEBVirtualPage,End User Experience|Virtual Pages|*|HTML Download and DOM Building Time (ms),HTML Download and DOM Building Time (ms),HTMLDDOMT,AVERAGE,,,,WEBTransactionVirtualPage
WEBVirtualPage,End User Experience|Virtual Pages|*|DOM Building Time (ms),DOM Building Time (ms),DOMBUILDT,AVERAGE,,,,WEBTransactionVirtualPage
WEBVirtualPage,End User Experience|Virtual Pages|*|DOM Ready Time (ms),DOM Ready Time (ms),DOMREADYT,AVERAGE,,,,WEBTransactionVirtualPage
WEBVirtualPage,End User Experience|Virtual Pages|*|Browser Queue Time (ms),Browser Queue Time (ms),BROWSQT,AVERAGE,,,,WEBTransactionVirtualPage
WEBVirtualPage,End User Experience|Virtual Pages|*|Images Loaded per Pageview,Images Loaded per Pageview,IMGLOAD,SUM,,,,WEBTransactionVirtualPage
WEBVirtualPage,End User Experience|Virtual Pages|*|Resources Loaded per Pageview,Resources Loaded per Pageview,RESLOAD,SUM,,,,WEBTransactionVirtualPage
WEBVirtualPage,End User Experience|Virtual Pages|*|Scripts Loaded per Pageview,Scripts Loaded per Pageview,JSLOAD,SUM,,,,WEBTransactionVirtualPage
MOBILEApplication,Mobile|{0}|App Starts,App Starts,APPSTART,SUM,,,,MOBILETransactionApplication
MOBILEApplication,Mobile|{0}|App Starts per Minute,App Starts per Minute,APPSTARTPM,SUM,,,,MOBILETransactionApplication
MOBILEApplication,Mobile|{0}|App Crashes,App Crashes,APPCRASH,SUM,,,,MOBILETransactionApplication
MOBILEApplication,Mobile|{0}|App Crashes per Minute,App Crashes per Minute,APPCRASHPM,SUM,,,,MOBILETransactionApplication
MOBILEApplication,Mobile|{0}|Application Server Calls per Minute,Application Server Calls per Minute,APPCPM,SUM,,,,MOBILETransactionApplication
MOBILEApplication,Mobile|{0}|Application Server Time (ms),Application Server Time (ms),APPART,AVERAGE,,,,MOBILETransactionApplication
MOBILEApplication,Mobile|{0}|HTTP Errors per Minute,HTTP Errors per Minute,HTTPEPM,SUM,,,,MOBILETransactionApplication
MOBILEApplication,Mobile|{0}|Network Request Time (ms),Network Request Time (ms),NRT,AVERAGE,,,,MOBILETransactionApplication
MOBILEApplication,Mobile|{0}|Network Response Content Length (bytes),Network Response Content Length (bytes),NRLENGTH,SUM,,,,MOBILETransactionApplication
MOBILEApplication,Mobile|{0}|Network Errors per Minute,Network Errors per Minute,NETEPM,SUM,,,,MOBILETransactionApplication
MOBILEApplication,Mobile|{0}|Requests per Minute,Requests per Minute,CPM,SUM,,,,MOBILETransactionApplication
MOBILENetworkRequest,Mobile|{0}|Application Server Calls per Minute,Application Server Calls per Minute,APPCPM,SUM,,,,MOBILETransactionNetworkRequest
MOBILENetworkRequest,Mobile|{0}|Apps|{1}|Requests|*|Application Server Time (ms),Application Server Time (ms),APPART,AVERAGE,,,,MOBILETransactionNetworkRequest
MOBILENetworkRequest,Mobile|{0}|Apps|{1}|Requests|*|HTTP Errors per Minute,HTTP Errors per Minute,HTTPEPM,SUM,,,,MOBILETransactionNetworkRequest
MOBILENetworkRequest,Mobile|{0}|Apps|{1}|Requests|*|Network Request Time (ms),Network Request Time (ms),NRT,AVERAGE,,,,MOBILETransactionNetworkRequest
MOBILENetworkRequest,Mobile|{0}|Apps|{1}|Requests|*|Network Response Content Length (bytes),Network Response Content Length (bytes),NRLENGTH,SUM,,,,MOBILETransactionNetworkRequest
MOBILENetworkRequest,Mobile|{0}|Apps|{1}|Requests|*|Network Errors per Minute,Network Errors per Minute,NETEPM,SUM,,,,MOBILETransactionNetworkRequest
MOBILENetworkRequest,Mobile|{0}|Apps|{1}|Requests|*|Requests per Minute,Requests per Minute,CPM,SUM,,,,MOBILETransactionNetworkRequest
SIMMachine,Application Infrastructure Performance|*|Individual Nodes|*|Hardware Resources|CPU|%Busy,CPU|%Busy,CPUBUSY,AVERAGE,,,,SIMHardware
SIMMachine,Application Infrastructure Performance|*|Individual Nodes|*|Hardware Resources|Disks|Writes/sec,Disks|Write/sec,DISKWRITE,AVERAGE,,,,SIMHardware
SIMMachine,Application Infrastructure Performance|*|Individual Nodes|*|Hardware Resources|Disks|Reads/sec,Disks|Reads/sec,DISKREAD,AVERAGE,,,,SIMHardware
SIMMachine,Application Infrastructure Performance|*|Individual Nodes|*|Hardware Resources|Memory|Used %,Memory|Used %,MEMUSED,AVERAGE,,,,SIMHardware
SIMMachine,Application Infrastructure Performance|*|Individual Nodes|*|Hardware Resources|Load|Last 1 minute,Load|Last 1 minute,LOAD1M,SUM,,,,SIMHardware
SIMMachine,Application Infrastructure Performance|*|Individual Nodes|*|Hardware Resources|Load|Last 5 minutes,Load|Last 5 minutes,LOAD5M,SUM,,,,SIMHardware
SIMMachine,Application Infrastructure Performance|*|Individual Nodes|*|Hardware Resources|Load|Last 15 minutes,Load|Last 15 minutes,LOAD15M,SUM,,,,SIMHardware
SIMNetwork,Application Infrastructure Performance|*|Individual Nodes|*|Hardware Resources|Network|Incoming KB/sec,Network|Incoming KB/sec,NETKBIN,AVERAGE,,,,SIMHardware
SIMNetwork,Application Infrastructure Performance|*|Individual Nodes|*|Hardware Resources|Network|Outgoing KB/sec,Network|Outgoing KB/sec,NETKBOUT,AVERAGE,,,,SIMHardware
